id,text,source_channel,channel_family,video_title,target_refined,stance_to_target,confidence,discourse_type,discourse_subtype,type_confidence
yt_joXkZDqGZQU_UgzFU0NMeTYppU_dHpd4AaABAg,"Dar de românii din Ucraina care și-au pierdut dreptul de a învăța în școli românești ați discutat? De ce nu ați discutat și despre preoții ortodocși români care au fost agresați de acest domn Zelinsky? Dar despre cum își recrutează domnul Zelinsky soldații,trimițându-i la moarte sigură? Despre spăgile pe care vameșii ucrainieni le cereau femeilor și copiilor să părăsească țara? Epstein files? Nu? Pedofilia la care a fost expus dumnealui cu domnul Trump nu? Ați omis? Mă gândeam eu!",NicusorDanRO,mainstream_actor,"🟢 Declarații de presă comune cu Președintele Ucrainei, Volodîmîr Zelenski, la Palatul Cotroceni",sua_occident,anti,0.9,T4_conspiratie_externalism,anti_externalism_geopolitic,medium
yt_X3bwh1-9nUU_Ugzkb5UdoDsVooo_b2V4AaABAg,"Ținând cont de microfoane, unde sunt microfoanele PROTV, Antenele, TRV 1 s.a.? Desecretizarea, turul 2 înapoi, vreau sa votez liber, daca acest fapt împlinit, dus la lovitura de stat din decembrie 2024 nu este principal subiect intr.o tara democratica atunci CORUPTIA si PROSTIA ucide.",@CălinGeorgescu-CanalulOficial,sovereigntist,"Călin Georgescu - Lăcomia nu este putere ( 17.03.2026 la Poliția Buftea, ora 11 )",alegeri,unclear,0.9,T4_conspiratie_externalism,conspiratie_difuza,medium
yt_M37Lar0c11g_UgxQUM1Vz9INIGxd0TJ4AaABAg,"Aveti incredere in cine.a juns sa fie in CSAT ?. NU VI SE PARE CEL PUTIN,,DUBIOASA VIZITA LUI ZELENSKI ,DUPA VIZTA LUI HARPALETE IN POLONIA."" CHIAR ASA INTAMPLATOARE SI DINTR O DATA ? IN CARE HARPALETE NU S A DUS IN UCRAINA ,,?",turcescu111,anti_system,"“O facem, dar prin batistă!”, de-asta a fost convocat CSAT",rusia,anti,0.9,T4_conspiratie_externalism,anti_externalism_geopolitic,medium
yt_UDPyC0EuCLg_UgzPDvYXrj0qis3daY94AaABAg,"""Pe gratis"" .. sau nu. La simulare copiii mei nu au facut scoala (luni si marti) deoarece profesorii au fost implicati in simulari. Deci profesorii in loc sa vina la ore au participat la simulari deci nu ""pe gratis"". Din pc meu de vedere sacrificiul a fost facut de clasele mai mici. Dar m-am obisnuit sa vezi si sa prezinti lucrurile putin trunchiat. Asta e motivul dezabonarii.. pt ca te transformi in ceva ce nu erai .. pr audienta probabil. Numai bine!",StareaNatiei,investigativ,"De ce ajungem să dăm vina pe oricine, mai puțin pe adevărații responsabili? | Starea Nației 19.03.26",rusia,anti,0.9,T4_conspiratie_externalism,anti_externalism_geopolitic,medium
yt_6_Hc2S02Duw_UgwRkTZLRtfW1ljXoWl4AaABAg,Ce aveti bă cu bietul om? Tot nu intelegeti ca Macron e dirijorul?😮,NicusorDanRO,mainstream_actor,🟢 LIVE Declarație de presă la finalul ședinței Consiliului Suprem de Apărare a Țării,nicusor_dan,anti,0.9,T4_conspiratie_externalism,conspiratie_difuza,medium
yt_6_Hc2S02Duw_UgzsSu-FvWam0WTNErd4AaABAg,"De ce l-or chinui pe asta nu pot sa inteleg, alta sluga mai vie nu gaseau ?",NicusorDanRO,mainstream_actor,🟢 LIVE Declarație de presă la finalul ședinței Consiliului Suprem de Apărare a Țării,nicusor_dan,anti,0.9,T4_conspiratie_externalism,conspiratie_difuza,medium
yt_ZAJeeVgVvYc_UgyIID9bjHIQtj8Ddyp4AaABAg,"O interactiune foarte buna! Lumea educata incearca sa faca fata valului de ura din societate, dezvoltata si amplificata de cei care nu ne-au vrut niciodata binele..",NicusorDanRO,mainstream_actor,🟢 LIVE Participare la manifestările prilejuite de Ziua Unirii Principatelor Române de la Focșani,nicusor_dan,pro,0.9,T4_conspiratie_externalism,conspiratie_difuza,medium
yt_qkGhsJFft00_Ugx92UxyhOpyG68UR1l4AaABAg,"Pandemia, a fost doar testul care a evidentiat intentiile partilor participante. Sa fim seriosi, nu a fost chiar atat de grava, daca ar fi murit cel putin 10% din populatiile implicate, ca la gripa spaniola din primul razboi mondial, atunci se putea justifica masurile financiare care s-au luat. Acum s-au aruncat bani catre toata lumea, curatenia economica nu s-a facut si acum avem de suportat consecintele. Se puteau canaliza banii catre cei care au intr-adevar nevoie si restul sa joace realitatea economica data, in asa fel ca cei care produceau vorbe dar nu venit palpabil in economie sa fie eliminati din start, spre binele celor ramasi activi pe piata.",digi24hd56,mainstream,În fața ta cu Emil Hurezeanu: „Ar fi un coșmar pentru Trump și întreaga lume”,rusia,anti,0.9,T4_conspiratie_externalism,anti_externalism_geopolitic,medium
yt_6_Hc2S02Duw_UgzLMl1PCGbFIpzqTNJ4AaABAg,"Nu ai permisiunea noastra sa ne bagi in razboi!!! Lasa-ne cu ''defensiv'', ca nu sintem retarzi. Daca aduc aici americanii echipamente, indiferent de ce natura sint ele, ne fac tinta asa cum au fost considerate tarile de unde tocmai fug romanii inapoi in Romania.",NicusorDanRO,mainstream_actor,🟢 LIVE Declarație de presă la finalul ședinței Consiliului Suprem de Apărare a Țării,nicusor_dan,anti,0.9,T4_conspiratie_externalism,conspiratie_difuza,medium
yt_6_Hc2S02Duw_UgzEs0j5KEZIutfA-at4AaABAg,"De data asta te-au lasat generalii sa vorbesti. Apoi, dupa ce vor incepe bombardamentele ... nu, din motive de securitate, desigur. Dar totul este bine, cum trebuie. Sfantul Arsenie Boca a profetit ca Bucurestiul va fi bombardat din nou. Cei care fac profetii, nu analizeaza, nu isi spun opinia. Spun ceea ce, prin mecanisme dincolo de intelegere, vad. In schema mare a lucrurilor, va puneti iar in slujba Celui Rau. Intreaba-o pe Mirabela despre ce ti-am scris aici. Prin ce ai facut azi, ai dat sarutul lui Iuda. Deci vei avea soarta lui.",NicusorDanRO,mainstream_actor,🟢 LIVE Declarație de presă la finalul ședinței Consiliului Suprem de Apărare a Țării,nicusor_dan,anti,0.9,T4_conspiratie_externalism,conspiratie_difuza,medium
yt_6_Hc2S02Duw_Ugys7-OS7_VouOnLjKd4AaABAg,"Noi am știut rezultatul înainte de a avea sedinta😅😅 Cat de pupcuristi sunteti,voi acceptati tot,nu mai vorbim de negociat sau altceva,oricum nu va duce capul...",NicusorDanRO,mainstream_actor,🟢 LIVE Declarație de presă la finalul ședinței Consiliului Suprem de Apărare a Țării,nicusor_dan,anti,0.9,T4_conspiratie_externalism,conspiratie_difuza,medium
yt_6_Hc2S02Duw_UgzbcvLDD7MpspUnNXN4AaABAg,"Afară în stradă toată lumea,nu avem nevoie de americanii aici la noi în țară indiferent ce echipamente vor să aducă,de ce nu folosesc bazele din TURCIA, GERMANIA, FRANȚA ETC!!!!!!!",NicusorDanRO,mainstream_actor,🟢 LIVE Declarație de presă la finalul ședinței Consiliului Suprem de Apărare a Țării,nicusor_dan,anti,0.9,T4_conspiratie_externalism,conspiratie_difuza,medium
yt_6_Hc2S02Duw_Ugz1mD3M5DTjCXGR6Y94AaABAg,"Vrem Visa Waiver! Daca vor sa ne foloseasca bazele, sa ne dea automat viza!",NicusorDanRO,mainstream_actor,🟢 LIVE Declarație de presă la finalul ședinței Consiliului Suprem de Apărare a Țării,nicusor_dan,anti,0.9,T4_conspiratie_externalism,conspiratie_difuza,medium
yt__qs5Iw5JdA8_UgxmJF6Zz6JpFwCBOZh4AaABAg,"Frumos !!. Țineți la curent Iranul cu contribuția României la războiul SUA, locul de staționare a avioanelor-cisterna, în inima țării, cu datele zborurilor, că noi suntem cinstiți, nu ascundem nimic !!! Parcă ne alienăm galopant...",digi24hd56,mainstream,🟣 Știrile Digi24  de la ora 17  – 20 martie 2026,digi24,anti,0.9,T4_conspiratie_externalism,conspiratie_difuza,medium
yt_pO0JOPX1I7Q_UgyF1c23SnvMLyzo0UZ4AaABAg,"Cum ce discuta ,agentul-sef Fritz ii transmite ordinele agentului prost Nicusor !",turcescu111,anti_system,Iar au făcut rahatu’ praf!,nicusor_dan,anti,0.9,T4_conspiratie_externalism,conspiratie_difuza,medium
yt_coeP4ouSxV8_UgyjZyGuE7cBLQCqeXl4AaABAg,"Totul este circ, mascarada. De ce Calin Georgescu accepta aceasta mascarada?",@CălinGeorgescu-CanalulOficial,sovereigntist,"Călin Georgescu - La Tribunal, ora 9 ( 17.03.2026 )",georgescu,unclear,0.9,T4_conspiratie_externalism,conspiratie_suveranista,medium
yt_joXkZDqGZQU_UgxZ6ugVs3_baxBrhrN4AaABAg,Eu nu am incredere in ucrainieni.Ei si rusii sunt dusmani traditionali ai Romaniei.Cum sa le dam gazul nostru lor?,NicusorDanRO,mainstream_actor,"🟢 Declarații de presă comune cu Președintele Ucrainei, Volodîmîr Zelenski, la Palatul Cotroceni",nicusor_dan,anti,0.9,T4_conspiratie_externalism,conspiratie_difuza,medium
yt__PIes5dU7Zg_UgzqR5d-ebVFPJqx0eJ4AaABAg,"Se îngrijorează rușii că România permite avioanelor americane să vină atât de aproape, la fel și dislocarea armamentului. Pe de o parte, Trump nici nu și-a amintit de România de la investire încoace, iar acum l-a apucat dorul, iar voi ați și pupat papucul😢 Ce urât, dle Turcescu. Nici nu vreau să vă ascult. PS bine făceau USR-istii că-l înjurau pe Trump.",turcescu111,anti_system,Swingeri politici în acțiune,usr,anti,0.9,T4_conspiratie_externalism,conspiratie_difuza,medium
yt__D98CfBSrCs_UgyhtIWESe9iSMWC_MN4AaABAg,Ma astept ca reducerea operatiunilor sa fie prezentata ca o infrangere a SUA. Americanii dau inapoi.😂,euronewsro,mainstream,SUA iau în calcul reducerea operațiunilor din Orientul Mijlociu. Ce le cere celorlalte state,sua_occident,anti,0.9,T4_conspiratie_externalism,anti_externalism_geopolitic,medium
yt_CL5sE_WTJjE_UgySnregzJJP57_I9S94AaABAg,"Ilie Bolojan este atacat nu pentru că ar fi greșit, ci pentru că face ce trebuia făcut de 30 de ani. Reforma doare. Și sistemul reacționează. Doare confortul. Doare ruperea obișnuințelor. Doare atingerea rețelelor și intereselor construite în zeci de ani. Când încerci să miști lucrurile cu adevărat, sistemul se opune. Iar când apar și rezultate, se zvârcolește. Bolojan a făcut o alegere clară. A ales să îndrepte ce au greșit predecesorii lui. A ales responsabilitatea în locul populismului care ne-a adus în impasul economic de azi. A ales, prin asumarea premierului Ilie Bolojan, să declanșeze reforma statului așteptată de aproape trei decenii. Trei decenii de inerție nu se repară ușor. După 6 luni de guvernare, cifrele arată că alegerea a fost corectă. Indicatorii economici sunt încurajatori. Piețele externe au încredere în direcția României. Toate acestea s-au făcut cu sacrificii. Sacrificiul românului de rând. Sacrificiul mediului de afaceri. Dar reforma trebuia să înceapă cu sacrificiul statului. Cu schimbarea lui din interior. Iar aici ne-am lovit, constant, de o opoziție dură. O opoziție care frustrează oamenii atunci când văd cum politicienii se agață de privilegii și refuză să le lase din mână. Zilele acestea, aceeași opoziție încearcă să acrediteze ideea absurdă că până și PNL ar dori îndepărtarea lui Ilie Bolojan. Cum să înlături liderul datorită căruia ți-ai recâștigat credibilitatea? Cum să renunți la un premier respectat pe piețele europene, apreciat dincolo de granițele partidului? Da, există nemulțumiri. În PNL. În PSD. În societate. Reforma nu vine niciodată cu unanimitate, asta o știm prea bine. Întrebarea reală este alta: care e alternativa? Să ne oprim pentru că e greu? Să facem un pas înapoi pentru că sistemul se opune? Eu cred exact invers. Tocmai acum trebuie să continuăm - cu luciditate, cu nervii tari și cu responsabilitate. Faptul că au început să vorbească până și „morții politici” ne arată un singur lucru: suntem pe drumul corect. Reforma se va face cu sau fără voia celor care o sabotează. Diferența este doar costul. Fiecare amânare înseamnă dobânzi mai mari, investiții pierdute, fonduri europene blocate, presiune fiscală pe cei corecți, o economie care încetinește și tot mai mulți români plecați. Reforma amânată nu înseamnă prudență. Înseamnă facturi mai mari, plătite lună de lună, de toți românii. România nu mai are timp pentru ele. Avem nevoie de maturitate politică, de colaborare onestă și de curajul de a guverna pentru viitor, nu pentru următorul sondaj. Reforma nu mai este o opțiune. Este o necesitate. Și va fi dusă până la capăt.",g4media479,investigativ,„Este ultimul nostru tren”. Avertismentul premierului Ilie Bolojan #G4Media,bolojan,pro,0.9,T4_conspiratie_externalism,conspiratie_difuza,medium
yt_IvosHezmLX8_Ugz9VkVMkCAsbTo3GeB4AaABAg,"D-le Manastire, ce intrebare este asta...suntem tara in EU, traim in Europa, este clara pozitia noastra. Ii doare in cot pe americani de noi. Isi fac interesul si doar atat!",g4media479,investigativ,Ce spune liderul USR despre anexarea Groenlandei de către SUA,usr,anti,0.9,T4_conspiratie_externalism,conspiratie_difuza,medium
yt_IvosHezmLX8_UgzaRupJmXrFZdQxqbt4AaABAg,"Spune că ND tocmai a contribuit la ONU-ul lui Donald, ca să poată măcăi ?!",g4media479,investigativ,Ce spune liderul USR despre anexarea Groenlandei de către SUA,usr,anti,0.9,T4_conspiratie_externalism,conspiratie_difuza,medium
yt_8XaNWSfaLxE_Ugz-bALZpQK0Zn4_n054AaABAg,"Tramp e un aliat politic al lui Putin,e cunoscut asta de la început.El nu este nici diplomat,nici politic.Esste un blea,blea!!!!",g4media479,investigativ,Rușinea Americii,rusia,anti,0.9,T4_conspiratie_externalism,anti_externalism_geopolitic,medium
yt_8XaNWSfaLxE_UgzGwtcjoA9kck6BtfF4AaABAg,"Trump este manipulat de catre Putin si culmea ca nimeni nu obsearva asta. Trump e rusinea Americii, iar America e pe cale sa devina rusinea lumii. Asa un sef de stat incompetent nu a avut America pana acum.",g4media479,investigativ,Rușinea Americii,sua_occident,anti,0.9,T4_conspiratie_externalism,anti_externalism_geopolitic,medium
yt_8XaNWSfaLxE_UgzX8m1xNV9AHGEW1gF4AaABAg,inca de la primul mandat era suspectat ca este un produs rusesc,g4media479,investigativ,Rușinea Americii,rusia,anti,0.9,T4_conspiratie_externalism,anti_externalism_geopolitic,medium
yt_M37Lar0c11g_Ugx-k2lsJmqMSdYKthJ4AaABAg,"Buna ziua, as dori sa va atrag atentia asupra Qanon-ului. Evenimentele recente dovedesc multe lucruri din postarile lui Q.",turcescu111,anti_system,"“O facem, dar prin batistă!”, de-asta a fost convocat CSAT",other_state_institution,anti,0.9,T4_conspiratie_externalism,conspiratie_difuza,medium
yt_BfMPO67wJ84_UgxZFVRklZ7SmB57lnp4AaABAg,"suntem in siguranta ... asta pana cand ne trezim cu o racheta balistica care ar fi probabilitatea sa nu ne loveasca? hai ca e matematica, sigur nu va 100%",NicusorDanRO,mainstream_actor,"🟢 LIVE Declarații de presă comune cu Secretarul General NATO, Mark Rutte - sediul NATO Bruxelles",nicusor_dan,anti,0.9,T4_conspiratie_externalism,conspiratie_difuza,medium
yt_BfMPO67wJ84_UgyXlWbOjQzFnb9jk314AaABAg,"If you depend on others to defend you you are nothing but a sucker ,with aboluty no lesson learn from the past and present",NicusorDanRO,mainstream_actor,"🟢 LIVE Declarații de presă comune cu Secretarul General NATO, Mark Rutte - sediul NATO Bruxelles",nicusor_dan,anti,0.9,T4_conspiratie_externalism,conspiratie_difuza,medium
yt_YrAie1rs1gM_UgwYuRUlQRiRghWD65t4AaABAg,Unul sincer... cred ca e primul si ultimul din viata mea... Ce va urma va iubi Rusia..,NicusorDanRO,mainstream_actor,🟢 LIVE -Declarații de presă susținute înaintea participării la Gala Colegiului Medicilor din România,nicusor_dan,anti,0.9,T4_conspiratie_externalism,conspiratie_difuza,medium
yt_0b2_71jAaQs_UgzcnWKSk42qiYjNt494AaABAg,"catre cel ce ii scrie discursurile presedintelui: putem pune in mormant expresia ""este despre x"" ? nu stiu daca e tradusa mecanic din Engleza, dar e stupida. si ca orice lucru ce a fost candva popular, momentul cand il auzi si pe Grindeanu folosind-o, e timpul sa o pui in cui",NicusorDanRO,mainstream_actor,🟢 LIVE,nicusor_dan,anti,0.9,T4_conspiratie_externalism,conspiratie_difuza,medium
yt__PIes5dU7Zg_UgzR090y3wtQ-Ajij6J4AaABAg,Melon 😢i a trimis carabinierii sa ii oprească pe americani să își folosească avioanele în atac din bazele din Italia. Baza de la Deveselu e ofensiva. Poate o rachetă iraniană ne va trezi la realitate. De cine ne apăra americanii? Prezența lor e o amenințare pentru Romania,turcescu111,anti_system,Swingeri politici în acțiune,other_state_institution,anti,0.9,T4_conspiratie_externalism,conspiratie_difuza,medium
yt__PIes5dU7Zg_UgydLu5WTPhD3lnUl0h4AaABAg,Puterea si opozitia sunt in mana aceluiasi regizor. Nu va mai faceti iluzii…!,turcescu111,anti_system,Swingeri politici în acțiune,other_state_institution,anti,0.9,T4_conspiratie_externalism,conspiratie_difuza,medium
yt__PIes5dU7Zg_Ugy0EQeSOZbmJiyxeE94AaABAg,"Și așa,doar de realimentare,tot nu este ok.Acele avioane realimentate vor bombarda Iranul.Oficial, România a devenit stat agresor in acest conflict.Asta da dreptul legitim Iranului sa atace România.Ca o va face sau nu,rămâne de văzut!Legat de decizie,nu știu dacă ar fi fost vreo posibilitate legală sa ne opunem!",turcescu111,anti_system,Swingeri politici în acțiune,other_state_institution,anti,0.9,T4_conspiratie_externalism,conspiratie_difuza,medium
yt_1M4sKFGJTaY_Ugx3FMngsgwWBNZVOPJ4AaABAg,"Nea Patraru , dar ne facem ca nu stim ce regim este in Iran! Da, da, Trump este tampit, Bibi este fanatic criminal, daaaa! Dar ne facem ca nu stim ce regim este in Iran?",StareaNatiei,investigativ,"Trump, Rusia, alcool, murături și alte provocări pentru viitorul României | Starea Nației 17.03.26",sua_occident,anti,0.9,T4_conspiratie_externalism,anti_externalism_geopolitic,medium
yt_bee6nXyzJ_E_UgxSFBtgQHtNJYH-CWJ4AaABAg,Băieții sunt în șah-mat din data de 27 Februarie 2025. Nici nu știu ce-i așteaptă.,@CălinGeorgescu-CanalulOficial,sovereigntist,Călin Georgescu împreună cu Anca Alexandrescu la Culisele Statului Paralel ( 15.03.2026 ),georgescu,unclear,0.9,T4_conspiratie_externalism,conspiratie_suveranista,medium
yt_M37Lar0c11g_UgzHuDw2eSuVruMimkp4AaABAg,Aveți o părere f buna despre Mucusor …. Nu el a convocat Csat …. Ci a fost convocat de sefii lui !!! Poate ăla care i a spus sa se pregătească de alegeri … a primit ordine de la sefii lui ! Mucusor … executa !,turcescu111,anti_system,"“O facem, dar prin batistă!”, de-asta a fost convocat CSAT",alegeri,anti,0.9,T4_conspiratie_externalism,conspiratie_difuza,medium
yt_fLX5OL0q2LI_UgwCXqw24P4UiL5KlGZ4AaABAg,"Grindeanu vrea sa devina sugeranist ca pe vremea lui Dragnea, si sa fure linistit cu dacii liberi din AUR. Stie ca Bolojan va opri furturile si va intarii legile justitiei si le e frica PSDistilor.",g4media479,investigativ,Grindeanu aruncă în aer coaliția: sondaj în PSD despre Bolojan,bolojan,pro,0.9,T4_conspiratie_externalism,conspiratie_difuza,medium
yt_KETrGGaXRpk_Ugx_fT6E016oiLzvnBp4AaABAg,"KGB ul ukr a avut un rol în anularea alegerilor , ii au la mana , au semnat niste ilegitimi trădători",turcescu111,anti_system,Vizita stăpânului Zelenski  la slugile preaplecate,rusia,anti,0.9,T4_conspiratie_externalism,anti_externalism_geopolitic,medium
yt_bnbjgKIS5Dw_UgxaFtg3Hu3SavvxrgB4AaABAg,"Cine la pus pe acest individ, patriarh, știind că era un turnător.",DianaSosoacaOfficial,sovereigntist,Mesaj pentru Popi! - Euparlamentar @DianaSosoacaOfficial ,none,none,0.9,T4_conspiratie_externalism,conspiratie_difuza,medium
yt_yEuctxNb4O0_UgxTHAd8yEtUTD-Nl254AaABAg,Acest video aduce o licărire de speranță pentru aceasta țară 😢 Mulțumim acestor oameni curajoși și domnului președinte care a avut răbdarea sa asculte și televiziunilor care au filmat și au distribuit întregii populații. Comunismul este demascat pe față după multe încercări de-a lungul celor 35 ani,NicusorDanRO,mainstream_actor,🟢 LIVE - Întâlnire la Palatul Cotroceni cu magistrați și alți actori din sistemul judiciar,nicusor_dan,pro,0.9,T4_conspiratie_externalism,conspiratie_difuza,medium
yt_fLX5OL0q2LI_UgzcysMkDFGCyvqGWEV4AaABAg,"Nu mai vor USR/Bolojan pentru ca USR in ministerele unde au ajuns, in dorinta lor de a indrepta lucrurile si de a face treaba asa cum trebuie facuta, cu siguranta au deranjat grupurile lor(PSD) de interese. La fel si Bolojan, prin lucrurile pe care le face incepe sa-i deranjeze pe cei care sunt mufati la sursele de bani, access care este facilitat de cei de la PSD si unii din PNL. Eu cred ca ei uita ca sunt si ei la guvernare si ca tot ceea ce s-a facut pana acum s-a facut cu acordul lor. De asemenea daca voiau sa faca ceva bine, au fost la guvernare pana acum si de fiecare data cineva a trebuit sa vina sa tot indrepte lucrurile dupa ei.",g4media479,investigativ,Grindeanu aruncă în aer coaliția: sondaj în PSD despre Bolojan,bolojan,pro,0.9,T4_conspiratie_externalism,conspiratie_difuza,medium
yt_qkGhsJFft00_UgxwPK_dNSX4mFpXMux4AaABAg,"A vorbi despre Iran, a-i expune atât capacitățile și isprăvile cât și slăbiciunile, înseamnă a-i face propagandă ! A vorbi despre Iran, indiferent cum, chiar și negativ, înseamnă a-i face propagandă ! STOP propaganda mascată pro-Iran și islamistă care se face pe acest post ! STOP propaganda mascată anti-America și anti-Israel care se face la acest post ! STOP propaganda împotriva Americii de origine ruso-bruxeleză ! Nu mai ascultați așa ceva ! Trăiască America și Trump ! Trăiască America și Israelul, ȚĂRI ADEVĂRATE !",digi24hd56,mainstream,În fața ta cu Emil Hurezeanu: „Ar fi un coșmar pentru Trump și întreaga lume”,sua_occident,pro,0.9,T4_conspiratie_externalism,anti_externalism_geopolitic,medium
yt_yEuctxNb4O0_Ugz01f0YgX9NdPbLGgt4AaABAg,"Felicitari pt curaj,desi toti si au ales cu mare grija vorbele,clar ca au o anumita teama.",NicusorDanRO,mainstream_actor,🟢 LIVE - Întâlnire la Palatul Cotroceni cu magistrați și alți actori din sistemul judiciar,nicusor_dan,pro,0.9,T4_conspiratie_externalism,conspiratie_difuza,medium
yt_kLdQS9N5cBU_UgzhiTQONGBknFPjSvl4AaABAg,"😮😮😮😂😂😂 este șocat cum procesează informația acest om!!! Zici că are hardul plin + memoria RAM la maxim . Nu știe să răspundă altfel....a învățat de pe foaie și nu iese din tiparul dictat. CEL MAI INCAPABIL ȘI NE FIRESC PREȘEDINTE! Va rămâne în istoria României ca MUCUȘOR / NETERMINATUL ( facultate oka terminată, o alta prin Franța cu fff multe semne de întrebare, totul cu o spălare completă....made in România, ca să pară real).",NicusorDanRO,mainstream_actor,🟢 LIVE Declarații de presă înaintea participării la reuniunea informală a Consiliului European,nicusor_dan,anti,0.9,T4_conspiratie_externalism,conspiratie_difuza,medium
yt_Ds7YVeTvAAY_UgwvbVI8UvDFLsTRwJp4AaABAg,Avem nevoie de *SUSTINERE PUBLICA pentru Domnul BOLOJAN si Guvern* in reformele si demersurile dificile pe care le au de facut !!! *Hidra psd ii pandeste la orice colt* !!!,NicusorDanRO,mainstream_actor,🟢 LIVE Declarații de presă susținute după participarea la reuniunea informală a Consiliului European,bolojan,pro,0.9,T4_conspiratie_externalism,conspiratie_difuza,medium
yt_Ds7YVeTvAAY_Ugybc0bDlpo7BqYQ5Sd4AaABAg,"*Vad ca s-au ‘activat’ imediat, trolii si botii ruznaci - semn ca domnul NICUSOR DAN FACE CE TREBUIE pentru Romania* !!!",NicusorDanRO,mainstream_actor,🟢 LIVE Declarații de presă susținute după participarea la reuniunea informală a Consiliului European,nicusor_dan,pro,0.9,T4_conspiratie_externalism,conspiratie_difuza,medium
yt_Ds7YVeTvAAY_Ugx2nKst-UvDb7Mb-cR4AaABAg,Consiliul pentru pace este o noua schema a lui Trump !Romania trebuie sa sustina organizatiile deja existente si sa se alature partenerilor din UE in aceasta problema!,NicusorDanRO,mainstream_actor,🟢 LIVE Declarații de presă susținute după participarea la reuniunea informală a Consiliului European,ue,pro,0.9,T4_conspiratie_externalism,anti_externalism_geopolitic,medium
yt_ZAJeeVgVvYc_UgxME8W5mOW3Z3dKjt14AaABAg,"*Vad ca s-au ‘activat’ trolii si botii ruznaci, semn ca domnul NICUSOR DAN FACE CE TREBUIE pentru Romania !!!*",NicusorDanRO,mainstream_actor,🟢 LIVE Participare la manifestările prilejuite de Ziua Unirii Principatelor Române de la Focșani,nicusor_dan,pro,0.9,T4_conspiratie_externalism,conspiratie_difuza,medium
yt_ZAJeeVgVvYc_UgycMVcU4VFxG90z9wJ4AaABAg,"Tot asa de frumos si de elegant, ar fi raspuns si… 🪑 *Nu-i asa, sugeranistilor ?* 😂😂😂",NicusorDanRO,mainstream_actor,🟢 LIVE Participare la manifestările prilejuite de Ziua Unirii Principatelor Române de la Focșani,nicusor_dan,anti,0.9,T4_conspiratie_externalism,conspiratie_difuza,medium
yt_KETrGGaXRpk_UgzyiJhiHkuNgpHgkaF4AaABAg,"Emetiral!!! ... pe de altă parte, așa cum am tot așteptat(în zadar) marturii ale foștilor elevi ai lui Johannisl - tot așa aștept să-i văd părinții lui Nicușor, familia, colegii, locurile eclozării sale. Sau ăsta e făcut prin partenogeneza?!?",turcescu111,anti_system,Vizita stăpânului Zelenski  la slugile preaplecate,nicusor_dan,anti,0.9,T4_conspiratie_externalism,conspiratie_difuza,medium
yt_8XaNWSfaLxE_UgxE1hfPxL_gF0kt8ap4AaABAg,"Cred că Trump e șantajat cumva de Putin, altfel nu se explică felul în care îi favorizează pe ruși.",g4media479,investigativ,Rușinea Americii,sua_occident,anti,0.9,T4_conspiratie_externalism,anti_externalism_geopolitic,medium
yt_8XaNWSfaLxE_UgzOHKq4yKfTgL4gE294AaABAg,"E clar ca Trump e pro Rusia pentru ca e Krasnov ! Sper sa fie demis daca democratii preiau Congresul SUA la anul si, dupa ce va fii judecat, sa ajunga in inchisoare !",g4media479,investigativ,Rușinea Americii,sua_occident,anti,0.9,T4_conspiratie_externalism,anti_externalism_geopolitic,medium
yt_Ds7YVeTvAAY_UgzQ2YwGs3RMRdrkOU94AaABAg,"Parteneriat cu SUA - lol - CIUMA. Are SUA asa un renume de supermani salvatori de pe vremea lui Rambo, dar lol. Uita-ti-va si voi ce a facut SUA in Palestina, Iran, Venezuela etc. Nu va mai agatati de ei, ca poate uita si scapam si noi de napasta!",NicusorDanRO,mainstream_actor,🟢 LIVE Declarații de presă susținute după participarea la reuniunea informală a Consiliului European,nicusor_dan,anti,0.9,T4_conspiratie_externalism,conspiratie_difuza,medium
yt_39ftFtTrdnk_UgzLR3HtHMpDcGun8Jt4AaABAg,"5:00 Ualeu, am observat ca iar au scos conspiratia ""Pizzagate"" de la naftalina zilele astea.",VeridicaRO,investigativ,"Iarna rusă în varianta TikTok - Spărgătorii de fake news, cu Zaiafet și Geminschi",other_state_institution,anti,0.9,T4_conspiratie_externalism,conspiratie_difuza,medium
yt_Ds7YVeTvAAY_UgyRhDLsmbSJ3M9_Sjh4AaABAg,A FACE ASFEL PTR Nicusor inseama sa inglobeze Romania ptr Ucraina,NicusorDanRO,mainstream_actor,🟢 LIVE Declarații de presă susținute după participarea la reuniunea informală a Consiliului European,nicusor_dan,anti,0.9,T4_conspiratie_externalism,conspiratie_difuza,medium
yt_8XaNWSfaLxE_UgxTM3Wae3bmWoDyc3R4AaABAg,"Ma ia cu flori cand ma gandesc la ce se poate intampla. Ce fiinte malefice, Trump si Putin.",g4media479,investigativ,Rușinea Americii,sua_occident,anti,0.9,T4_conspiratie_externalism,anti_externalism_geopolitic,medium
yt_8XaNWSfaLxE_UgykoQwqkK9R56Y0J4R4AaABAg,"Tramp este un fel de Simion de la noi,,,,nu te poți baza pe el. Acest individ care face America de rușine,,,este la mina lui Putin de mult timp. Așa că acum joaca cum vrea bolșevicul criminal. Sper,,,într-o minune,totuși,,,,nu se poate că sa fie omorit un popor în fața întregii lumi,,,,",g4media479,investigativ,Rușinea Americii,sua_occident,anti,0.9,T4_conspiratie_externalism,anti_externalism_geopolitic,medium
yt_wM1Y3yU_3cA_Ugzy8YyJ8WZ1Jw1PzUt4AaABAg,"din moment ce nu raspunde ci bate campii, e o dovada ca ea a cerut sa fie data jos Irina",turcescu111,anti_system,"Țoiu MINTE, refuză să răspundă și fuge din conferința de presă! ",other_mainstream_actor,anti,0.9,T4_conspiratie_externalism,conspiratie_difuza,medium
yt_pYl8Z2ypyzc_Ugw2-E3mp08uiIXyGwl4AaABAg,"PS. - 1. deci PNL e cu rusii ??? ca nu se intelege nimic !! 2. ce ingerinta, concret, au facut rusii ? 3. Usr e cu francezii ? 4. dar POPORUL, POPOOORUL, CU CINE E ???",spotmediaro,civic_procedural,Întâmplări ciudate înainte de anularea alegerilor prezidențiale?,pnl,unclear,0.9,T4_conspiratie_externalism,conspiratie_difuza,medium
yt_pYl8Z2ypyzc_Ugw_Iv0VUN5aAIbnnol4AaABAg,"Domnule Isaila, felicitari pentru podcast ! Aproape toata lumea crede ca cel mai mare RAU este la momentul actual putin...dar, eu cred ca este diabolicul de trump -acest aset al rusiei a luat din primul moment al celui de-al doilea mandat, decizii prin care distruge coordonat, sistematic si cu o agresiune nemaivazuta, atat arhitectura democratica interna a SUA, institutiile de forta si de putere, cat si unitatea tuturor statelor care sprijina Ucraina. Se vede cu ochiul liber, chiar si de catre un profan ca mine....Numai ca nimeni (cu exceptia presedintelui Portugaliei) nu are curajul sa o spuna public : trump distruge actuala ordine mondiala si democratia in SUA si un lumea libera !!!",spotmediaro,civic_procedural,Întâmplări ciudate înainte de anularea alegerilor prezidențiale?,sua_occident,anti,0.9,T4_conspiratie_externalism,anti_externalism_geopolitic,medium
yt_pYl8Z2ypyzc_UgyrA6Fu-BqIg-qhxb94AaABAg,"Mda, much ado about nothing.... spuneti ca există o legătură între persoane care fac parte din rețelele de influență ale Rusiei din România și persoane care au gravitat și gravitează în jurul lui Donald Trump. Ce aveti domne, cu spaima asta de rusi? Ca nu sunt bolsevici???",spotmediaro,civic_procedural,Întâmplări ciudate înainte de anularea alegerilor prezidențiale?,sua_occident,anti,0.9,T4_conspiratie_externalism,anti_externalism_geopolitic,medium
yt_vkP6FdP9iX0_UgzayNwV2DHdHENI9rR4AaABAg,"Gresiti, lucrez in ""domeniu ""aici in state, e totul propaganda americana, tehnologia militara e mult depasita de rusi si chinezi, iar unii ofiteri americani stiu asta dar nu sunt ascultati",turcescu111,anti_system,Orientul Mijlociu în flăcări,other_media,anti,0.9,T4_conspiratie_externalism,conspiratie_difuza,medium
yt_Dvw1tNAc_kU_UgxM0XGLFhTg4QAgUDB4AaABAg,"eu am vazut ca ucrainienii s-au saturat de zelenski, tot sperati intr-o lovitura de stat in rusia, sau ca putin sa moara de cancer. Proteste sunt si la bucuresti impotriva regimului, pe cine intereseaza?",spotmediaro,civic_procedural,Semne că rușii s-au săturat de Vladimir Putin,rusia,anti,0.9,T4_conspiratie_externalism,anti_externalism_geopolitic,medium
yt_Dvw1tNAc_kU_UgyIaBqUpnBlcSXDGRd4AaABAg,"Când atacă Rusia , e crimă ; când ucrainenii dirijați de CIA MI6 și Mossad comit acte de TERORISM pe teritoriul Rusiei - e OK ! 🤮🤮",spotmediaro,civic_procedural,Semne că rușii s-au săturat de Vladimir Putin,sua_occident,anti,0.9,T4_conspiratie_externalism,anti_externalism_geopolitic,medium
yt_6hgc90sLVFw_UgwVqi8-OGqDndwTtpF4AaABAg,"Frumoasa poveste, domnule Baconsky. Poate ar trebui sa scrieti o carte pe modelul lui Pavel Corut din anii '90. Ca rusia are campanii de dezinformare si infiltrare in Romania nu e nici un secret. Ar fi culmea sa nu aiba cat timp Romania e tinta ideala: o tara saraca, corupta pana in maduva, putreda pe pe toate nivelurile, organizata pe caste ca in Evul Mediu. Dar cand declari senin ca rusia sustine aur (si clonele pot, sosoaca si care draqu mai sunt) ar trebui sa aduci si dovezi. Rusii n-au votat la alegeri, au votat cetateni romani si pana nu poti dovedi ca aia au fost platiti/santajati sa voteze aur sau alti tampiti sunt doar speculatii si vorbe goale. Ca tie nu-ti convine ce declara/face aur e alta poveste, prostia oamenilor nu e ilegala ca altfel 90% din romani ar fi dupa gratii. Intre noi fie vorba, intre psd, pnl si aur eu nu vad nici o diferenta reala cu exceptia ""declaratiilor"". Si vorbele sunt ieftine, asta o stiti si d-voastra.",spotmediaro,civic_procedural,Oamenii apropiați de Moscova și-au păstrat influența în România,sosoaca,unclear,0.9,T4_conspiratie_externalism,conspiratie_suveranista,medium
yt_rG4DGen0GFw_UgxeEquDYCi4RDA2gmJ4AaABAg,"Listele cu persoanele care trebuiau eliminate în urma puciului programat, este reală sau este vrăjeală?",@CălinGeorgescu-CanalulOficial,sovereigntist,Călin Georgescu - Lupta pentru adevăr ( 23.02.2026 - la Curtea de Apel București ),georgescu,unclear,0.9,T4_conspiratie_externalism,conspiratie_suveranista,medium
yt_1E2cXajO16k_Ugz8juwHHIYA4Jx8zwB4AaABAg,"Poate se străduiesc sa păstreze credință. De unde știi cata presiune este pusa peste biserica?! Uiți ca preoți și biserici în ucrain raketilor lui zele au fost bătuți, hăituiți, jefuite bisericile !!??!! Sau ai ca sarcina sa defaimezi...",StareaNatiei,investigativ,Ați văzut vreun comunicat al BOR în care guvernanții sunt trași de mânecă?,other_state_institution,pro,0.9,T4_conspiratie_externalism,conspiratie_difuza,medium
yt_Mb5kDLXEKjk_UgyAgudNyzFgE5aQYgt4AaABAg,"Super, numai ca genul ala de cunostinte nu ajuta la nimic. I-ai umplut elevului capul cu nimicuri. Informatia aia nu-l ajuta sa castige o paine, cu exceptia cazului in care devine profesor de istorie, si paseaza aceasta informatie inutila mai departe, si altor oameni, care nu au ce sa faca cu ea. Dati istoriei mult prea multa importanta, uitand ca e scrisa de castigatori, si ca intodeauna au existat interese de a denatura ceea ce s-a intamplat defapt, si care erau circumstantele.",StareaNatiei,investigativ,"De ce mai este necesară cunoaşterea, dacă avem informaţia la un click? - Workshop Mircea Miclea",none,none,0.9,T4_conspiratie_externalism,conspiratie_difuza,medium
yt_6hgc90sLVFw_Ugzw4PlIjKmVEAI97qt4AaABAg,"Ce bine spunea Rudyard Kipling, ... parintele lui Mowgli, in urma cu 150 de ani ""Ce ciudat si nesinceri sunt rusii astia; cand le vorbesti de Europa, ei spun ca-s asiatici dar daca le vorbesti de Asia, sustin c-ar fi ... europeni "" !Asta-i ... politichia de margaritar a unui popor (nu cei multi ci, porcinele care l-au condus de secole) care ar putea produce, prin munca, bineinteles Solovei-talharule, hrana pentru tot globul in schimb, condusi de alogeni nebuni (lennin, stalin, ras-putin) produc arme, sfintite de olita de noapte din cap, precum si moarte si teroare !!!",spotmediaro,civic_procedural,Oamenii apropiați de Moscova și-au păstrat influența în România,rusia,anti,0.9,T4_conspiratie_externalism,anti_externalism_geopolitic,medium
yt_6hgc90sLVFw_UgztLUaCcmZxqny9uk94AaABAg,"Tatal , bunicii lui Baconski nu aveau fire care duceau spre Moscova....?",spotmediaro,civic_procedural,Oamenii apropiați de Moscova și-au păstrat influența în România,rusia,anti,0.9,T4_conspiratie_externalism,anti_externalism_geopolitic,medium
yt_Dvw1tNAc_kU_Ugz1fzTLbi2j-d5g_Wd4AaABAg,"Da se văd semne....,, nici nu știți în ce An este Rusia......",spotmediaro,civic_procedural,Semne că rușii s-au săturat de Vladimir Putin,rusia,anti,0.9,T4_conspiratie_externalism,anti_externalism_geopolitic,medium
yt_wM1Y3yU_3cA_UgwuUcXQZDAIO3zjT5R4AaABAg,Toți patrioții si academicienii de ce nu își spun cuvântul???,turcescu111,anti_system,"Țoiu MINTE, refuză să răspundă și fuge din conferința de presă! ",other_state_institution,unclear,0.9,T4_conspiratie_externalism,conspiratie_difuza,medium
yt_-IoCNoMYLbI_Ugy88G8fONEQHUhGh0x4AaABAg,"Pentru că nu ați putut dovedi că au existat ”ingerințe rusești” în alegeri, veniți cu placa că ați pierdut războiul hibrid cu Rusia. Voi sunteți războiul hibrid măscăricilor.",spotmediaro,civic_procedural,Corneliu Bjola: România a pierdut războiul hibrid cu Rusia,alegeri,anti,0.9,T4_conspiratie_externalism,conspiratie_difuza,medium
yt_Am4GBAkva8Y_Ugy5wvpk4d-m5DOZ02p4AaABAg,Dacă motivele pentru anularea alegerilor sunt cele menționate de dumneavoastră doamna Simina atunci trebuia să anulați alegerile și în Mai 2025 luând în considerare modul de finanțare a campaniei lui Nicușor Dan și promovarea campaniei pe TikTok care a fost mult mai agresivă decât a lui Călin Georgescu . De ce nu ați anulat alegerile prezidențiale de ce nu ați făcut-o ? NU AȚI PRIMIT ORDIN PE UNITATE ? Mai am o singură întrebare pentru dumneavoastră doamna Simina: DORMIȚI BINE ??????,spotmediaro,civic_procedural,Simina Tănăsescu: Secretul deliberărilor e foarte important la Curtea Constituțională,ccr,anti,0.9,T4_conspiratie_externalism,conspiratie_difuza,medium
yt_SpJ_Obw2I5I_Ugzf7yNv1_sYTCIq_Jl4AaABAg,Ați pus un lucru foarte important despre vânzarea resurselor țării am observat Realitatea TV a cenzurat de ce❓️ în data de 17 a doua 2026,@CălinGeorgescu-CanalulOficial,sovereigntist,Călin Georgescu - Adevărul unei economii ( 10.02.2026 - La Poliția Buftea ),georgescu,unclear,0.9,T4_conspiratie_externalism,conspiratie_suveranista,medium
yt_GUcgFoukFw0_UgwPNozhtIBz5MjqmOh4AaABAg,"😆😅🤣... Adica exact acei care au pornit razboiul vor sa negocieze, si vinovata este Rusia ca nu negociaza ?!?!?!",euronewsro,mainstream,"Un nou pas spre pace? SUA și Ucraina reiau negocierile, cu Rusia în așteptare",rusia,anti,0.9,T4_conspiratie_externalism,anti_externalism_geopolitic,medium
yt_kkGOmjFf8mw_UgwgQ8WV3wVt6L_IKNF4AaABAg,"Asta sa fi fost intelegerea, in Alaska? Krasnov, sa distraga atentia lumii de la rusia?🤨",VeridicaRO,investigativ,Cum n-o dai! - Abator!,rusia,unclear,0.9,T4_conspiratie_externalism,anti_externalism_geopolitic,medium
yt_7JZ_GzbpZjQ_Ugw9ZDuUJKIxr87tKTd4AaABAg,"Cum spunea un bun prieten englez "" just because you're paranoid doesn't mean they aren't out to get ya """,VeridicaRO,investigativ,"Apocalipsa pe Whatsapp - Spărgătorii de fake news, cu Zaiafet și Geminschi",other_state_institution,anti,0.9,T4_conspiratie_externalism,conspiratie_difuza,medium
yt_MhD89GJim7c_UgzIBzK6alCwVM882_R4AaABAg,"Din pacate, Dragos, cam greu cu publicul de la tv. I-am zis maica-mii ca veti reaparea la tv, nici n-a vrut sa auda. Evident, clasica placa de oameni spalati pe creier din ograda cealalta a irealitatii....:(",StareaNatiei,investigativ,Munciți mai mult. Consumați mai puțin. Așteptați mai puțin de la guvern. Vocea Nației #314,guvern,unclear,0.9,T4_conspiratie_externalism,conspiratie_difuza,medium
yt_Dvw1tNAc_kU_UgyScTaX1LHtgukWxj54AaABAg,"Putin voia să ia Ucraina de partea lui. Ucrainienii erau cei care au fost așa de violenți cu românia, și Ucrainienii au fost aceia care au invadat primii România în timpul războiului URSS. Ucrainienii sunt mai strategici decât rușii. Și vă rog pe cine întrebați aceste lucruri ? Tocmai pe sfetnicul lui Nicușor, care nu știe ce are de făcut, doar face ce îi spun alții, chiar de aceia e așa bâlbăit când i se cer argumente precise, nu stie să le verbalizeze pentru că nu sunt în capul lui ci în capul celor care îl sfătuiesc ce să facă. Un orb cînd conduce pe un alt orb, nu vor cădea amândoi în groapă ? România e condusă de niște orbi care nu văd realitatea. În mintea lor se învârte doar zvonurile nefondate care au ajuns și la urechile unor orbi din naștere, care nu au nici un habar cum se conduce o țară.",spotmediaro,civic_procedural,Semne că rușii s-au săturat de Vladimir Putin,nicusor_dan,anti,0.9,T4_conspiratie_externalism,conspiratie_difuza,medium
yt_YWrbMky5Du8_UgwrsaEduoTjB1lL-bV4AaABAg,"Nicu Ușor.... Dar Nicu = Nicolae Ceauș(escu) Călin =Georg(escu) Este o pură tranziție, ca si Biden pentru Trump..",turcescu111,anti_system,"E greu, mă? Ai dat de greu la 56 de ani?",sua_occident,anti,0.9,T4_conspiratie_externalism,anti_externalism_geopolitic,medium
yt_Dvw1tNAc_kU_UgycyOhOYnyr_texjQx4AaABAg,"Medvedev e cu 10 ani mai tanar si provine din Ucraina!!!Sunt speculatii ceea ce faceti!!!Chiar daca va fi impinsa in prim plan o persoana mai tanara ,,creierul"" va ramane actualul presedinte si consilierii!!!",spotmediaro,civic_procedural,Semne că rușii s-au săturat de Vladimir Putin,rusia,anti,0.9,T4_conspiratie_externalism,anti_externalism_geopolitic,medium
yt_xkasc8jZp0o_Ugz8DCqdg04GKRqW2Ch4AaABAg,"Rusia nu are nici o treaba cu Romania si nu a intervenit la alegeri. Total a fost o minciuna pt.ca nu lea convenit ca a iesit C Georgescu la alegeri,iar Putin e un patriot .",RecorderRomania,investigativ,Cum încearcă Rusia să ne îndepărteze de democrație #shorts,rusia,pro,0.9,T4_conspiratie_externalism,anti_externalism_geopolitic,medium
yt_jUpc7ec_10s_UgyCHEofVjrSlRxngG94AaABAg,"Deci el face compunere de clasa 1 si nu stie sa o povesteasca bravo , doar citeste cum i sa dictat",hotnews_ro,mainstream,Ilie Bolojan: „Mulțumesc cetățenilor pentru înțelegerea pe care au dovedit-o”,bolojan,anti,0.9,T4_conspiratie_externalism,conspiratie_difuza,medium
yt_KabJnbwjh_s_UgxpSeP_8zOC0p_qxZV4AaABAg,Si dacă vaccinul anti COVID-19 era de fapt ceva medicament pt tratarea scorbutului sau ce a mai luat nea Bill si i-a dat Melindei si singura modalitate de a-i administra vaccinul nevestei era printr-o pandemie ?,VeridicaRO,investigativ,"Conspirația Gates-Epstein și pandemia  - Spărgătorii de fake news, cu Zaiafet și Geminschi",other_state_institution,anti,0.9,T4_conspiratie_externalism,conspiratie_difuza,medium
yt_DIlFIczEUWI_UgyQ_ceQq9h-5mx_7694AaABAg,De unde stiti ca a fost drona ruseasca? La cat e de jigodie Zelensky..... trimite chiar el drone ucrainiene si da vina pe rusi.Ca de obicei.,VeridicaRO,investigativ,Dronele rusești care lovesc blocurile din Ucraina,rusia,anti,0.9,T4_conspiratie_externalism,anti_externalism_geopolitic,medium
yt_duZWizK5bxk_Ugx0Et7Hffq474f3prR4AaABAg,"Pe 6/12 -24 am votat 👍🙏 , în sala de vot toți erau întinși la TV și ziceau ca vor anula voturile , și ca eu mai pot vota pina se oprește .Respectivii erau pe TV = Antena sigur , aveau multe TV .",@CălinGeorgescu-CanalulOficial,sovereigntist,Călin Georgescu - Adevărata desecretizare ( 13.02.2026 - La Curtea de Apel București ),alegeri,unclear,0.9,T4_conspiratie_externalism,conspiratie_difuza,medium
yt_2bepCPLd2Mc_UgwrLJPCqbSMVVyiDd14AaABAg,"Ține-te de istorie, nu te mai băga în politologie, pt că deja începi să fii ridicol precum Goșe. Aveți ceva comun: studii aprofundate despre Rusia. Pare , că Rusia tâmpește mințile oamenilor și pe calea asta...",VeridicaRO,investigativ,România și bizara participare a președintelui la Consiliul pentru Pace - ISTORIA DEZINFORMĂRII,rusia,anti,0.9,T4_conspiratie_externalism,anti_externalism_geopolitic,medium
yt_uE80_oCdZ9Q_UgxIV3xv6W53WOSntud4AaABAg,E posibil ca chiar si ND sa fi fost propulsat de unele structuri ale statului stiti voi cine .,declicro,civic_procedural,Cu ochii pe Cotroceni și numirea procurorilor,presedintie,anti,0.9,T4_conspiratie_externalism,conspiratie_difuza,medium
yt_Vpfd5aXku18_UgyB7v9LaJjFPX5GfL94AaABAg,Ce industrie am avut. ? La asa zisa revolutie lucrasem10 ani in idustria romaneasca. Intr o fabrica adevarata pe atunci era nevoie de cativa ingineri. Ceausescu baga in fabrici cu sutele care se plimbau prin fabrica. Jumatate de muncitori se faceau ca muncesc. Rebuturi la greu..Asta era industria. Plecam in delegatii sa reparam ceea ce pleca nefunctional pe poarta fabricii. Dar aveam mandria prosteasca ca muncim numai ca trebuia sa muncim de doua ori la acelasi produs. Consum enorm de energie si materiale. Cei care ati fost tineri nu va lasati manipulati de nostalgicii care traiau din sedinte de partid. Pentru ei asta le era munca. Si erau numerosi ce i ce traiau de pe munca altora,expertforum,civic_procedural,Aderarea la UE va distruge Republica Moldova?,ue,pro,0.9,T4_conspiratie_externalism,anti_externalism_geopolitic,medium
yt_bee6nXyzJ_E_Ugx1yCWU5E5bk66WzkN4AaABAg,"foarte bine spus, ca ati cerut ajutorul cu un singur scop, sa nu vi-l dea, atunci daca mergem pe aceeasi logica putem crede ca ati candidat tot cu un singru scop, sa nu castigati? corect?",@CălinGeorgescu-CanalulOficial,sovereigntist,Călin Georgescu împreună cu Anca Alexandrescu la Culisele Statului Paralel ( 15.03.2026 ),georgescu,unclear,0.9,T4_conspiratie_externalism,conspiratie_suveranista,medium
yt_ThNuJxTDf6c_UgzoGfBjkMItlRQrnat4AaABAg,Fiul lui Trump BARON a investit $40 de milioane in petrol inainte de a incepe razboiul in Iran la scurt timp dupa acceia Trump a ordonat atacarea Iranului iar acum Baron fiul lui Trump a facut $500 de milioane Trump e smecher mare Petrolul sa scumpit sa facut $$$$ iar acum Trump nu mai Poate opri razboiul,euronewsro,mainstream,Știrile Euronews România de la ora 10:00 - 21 martie 2026,sua_occident,anti,0.9,T4_conspiratie_externalism,anti_externalism_geopolitic,medium
yt_ThNuJxTDf6c_Ugyas0XM0CQlsq9HKa54AaABAg,"Trump s-a imbogatit cu peste 450 milioane de dolari in mai putin de o saptamana. Si-a ""avertizat"" baiatul sa cumpere actiuni in domeniul petrolier cu 2 zile inainte de a lansa atacul in Iran.Trump Jr a ""investit"" 30 milioane de dolari ca in cateva zile actiunile cumparate sa valoreze 500 milioane de dolari. Echitabil. Om de afaceri. Si toata lumea plateate 🤦🏼‍♀️",euronewsro,mainstream,Știrile Euronews România de la ora 10:00 - 21 martie 2026,sua_occident,anti,0.9,T4_conspiratie_externalism,anti_externalism_geopolitic,medium
yt_Ilk6FQhfZFU_UgwxwueH_Wj86kxGYl94AaABAg,"Patrare, - ""imbecilul si criminalul"" nu s-au aliat peste noapte. Nici n-are rost sa vorbim de intentiile comune SUA-Israel impotriva Iranului si a proxyurilor din regiune (minim 30 de ani). - ""Au invadat peste noapte Iranul"" - unde e invazia? Terestra n-am vazut, poate extraterestra ca pe frecventa aia esti. - ""E clar ca nu are putere nucleara"" - Se stie clar ca asta e intentia lor, si ca intr-o perioada relativ apropiata au capabilitatea sa o obtina, daca reuseau asta era deja prea tarziu pentru orice. - ""Ajung bombe in multe state"" - Poate studiem putin situatia Orientului mijlociu de la infiintarea configuratiei actuale. Exista doar 2 state, Arabia Saudita si Iran toate celalalte sunt doar sateliti artificiale care gazduiesc tot felul de minoritati religioase / culturale / campuri petrolifere / pseudo monarhii. Si sa nu uitam ca in minunatul stat Iran, pe care il victimizezi tu acum au fost ucisi peste 30.000 de tineri la ultimele proteste. Iran e tara care a inventat o spanzuratoare mobila, o camioneta in spatele careia se produc executii rapide pentru cine nu e in linie cu ideologia islamica.",StareaNatiei,investigativ,Cum se pregătesc alte state de război și cum NU comunică statul român,sua_occident,anti,0.9,T4_conspiratie_externalism,anti_externalism_geopolitic,medium
yt_u7AwQdTTnM0_UgxRTYDI1D5scsnbfMh4AaABAg,"Interesant, dar fortat (actoriceste) si cu scenariul similar cu modul in care o IA l-ar aranja. Pe viitor va fi mai bine!",VeridicaRO,investigativ,"Profetul de serviciu al clickbait-ului - Spărgătorii de fake news, cu Horia Sârghi și Mihai Geamănu",other_state_institution,unclear,0.9,T4_conspiratie_externalism,conspiratie_difuza,medium
yt_duZWizK5bxk_Ugy1MczdAVSG8H_hj5p4AaABAg,"24.11.2024, dar si 06.12.2024 au rezonante ca.balist.iste si seamana cam mult cu 11.09.2001, in plan general. 25.12.1989 a fost si ea, o zi marcata de un ri.tual lu.c.ifer.ian.",@CălinGeorgescu-CanalulOficial,sovereigntist,Călin Georgescu - Adevărata desecretizare ( 13.02.2026 - La Curtea de Apel București ),georgescu,unclear,0.9,T4_conspiratie_externalism,conspiratie_suveranista,medium
yt_oYvauOG72Qs_UgxsUrEWXcTtGXupQL14AaABAg,Oare cu ajutorul cui o fi ajuns Nicu președinte și inclusiv USR la guvernare? Cumva cu ajutorul lui Ponta? Karma asta funcționează întotdeauna.,turcescu111,anti_system,Psihiatria salvează România!,usr,anti,0.9,T4_conspiratie_externalism,conspiratie_difuza,medium
yt_cg3AXWnX1vg_Ugw7BWAbnSs3OfNaRwJ4AaABAg,"Da. Un titlu scurt si concret,exact la țintă! Traim in această toxicitate dar multumita indiferentei criminale a multora ce așteaptă ca morții sa invie daca se poate si sa vina sa facă ceva. Cat despre cei vii inca......ei nu vad decat un ""spectatoriat "" din partea nației ce se pretinde intoxicata dar .....priveste agale...... Mai vreti un Referendum ? Un guv G8 Berlusconi dat jos ,ceva ,un Tripoli 2009 ,o ""atentie "", o măslină,un nascator de Covesi sa FBI ca Basescu ,vreo titulatura academica facute din furt intelectual ,vreun proiect de milioane modificat putin apoi lansat pe piata hotilor ,vreun export agricol mare de sute miliarde catre China,sau vreo CA - SĂ....nu va- nJUR ? Vad ca sunteti TOBĂ de carte ,si realitati îngropate în minciună!",spotmediaro,civic_procedural,Trăim în moștenirea toxică a Securității,rusia,anti,0.9,T4_conspiratie_externalism,anti_externalism_geopolitic,medium
yt_tLtN7u0BlHQ_UgzGjlsAmYHa7asdy1N4AaABAg,"Hai sa fim seriosi, retele sociale au un singur scop: PUTEREA. Restul e vrajeala. Mai mult... cand vin diverse reglementari (mai relevante sau mai putin relevante, mai bine sau mai putin bine intenstionate, pe scurt irelevant de ce vin reglementarile), primul lucru care se face este analiza urmatoare: cum ne mentinem atingerea scopului (PUTEREA) in conditiile noilor reglementari. Si cum reglementarile vor avea intotdeuna hibe... ajungem la zicala romanesca: lacatele sunt pentru oameni cinstiti. Despre AI: Palantir... ring a bell?!",contextromania,civic_procedural,"Algoritmi, alienare şi drepturi digitale | N. Red. – Episodul 2 | Alexandra Ștefănescu, CTO ApTI",rusia,anti,0.9,T4_conspiratie_externalism,anti_externalism_geopolitic,medium
yt_idoJioeeSSw_UgxaUURFDuKk1OWwQOp4AaABAg,"Domnule simion sper ca nu l-ați mai hartuit si de data aceasta pe Domnul Georgescu , cum debita Ponta la Cristache ( alt propagandist doar ca al marxismului cu Lasconi )",georgesimionoficial,sovereigntist,"Votez cu Călin Georgescu, pentru  locul 1 pentru România cu poporul și pentru popor!🇷🇴",simion,unclear,0.9,T4_conspiratie_externalism,conspiratie_suveranista,medium
yt_Vekhmz5OPCc_Ugyo3Sl-YAgOktvWMYR4AaABAg,"El săracul nu știe nimic, el așteaptă ordine sa le îndeplinească,. De fapt asta e misiunea lui.",NicusorDanRO,mainstream_actor,🟢 LIVE Declarații de presă susținute la Palatul Parlamentului,nicusor_dan,anti,0.9,T4_conspiratie_externalism,conspiratie_difuza,medium
yt_Vekhmz5OPCc_UgxhrCIlLhxXHnQ40o94AaABAg,Voi vedeți oameni buni că el nu este stresat deloc și este după un plan stabilit clar!! Dronele sunt acum și el vorbește de acum 10ani in urmă??? Vai și amar de reporterii care întreabă aiurea fără subiectul zilei 😮😮😮,NicusorDanRO,mainstream_actor,🟢 LIVE Declarații de presă susținute la Palatul Parlamentului,nicusor_dan,anti,0.9,T4_conspiratie_externalism,conspiratie_difuza,medium
yt_idoJioeeSSw_UgwQKcbzA9Ax5Z0k4OZ4AaABAg,"Urmaresc cu atentie ce misuna in jurul acestui candidat si mai degraba pare arestat decat protejat ,plus ca mi se pare mie ca acest domn nu mai are respectul de dinainte din partea lui G Simion !🙄Exact asa declarat dumnealui la urna pt turul doi inapoi ,nu pt a vota Simion presedinte !Apoi flegma trasa intre ochi celui ce l -a intrebat ceva legat de ce vad si eu ,iar Simion cu aroganta a zis ceva ca ,,nu prea intelegeti voi"" vom avea o conferinta de presa !Eu prevad exact ca la inceput ,Simion il foloseste drept trambulina in scaunul de presedinte pe acest domn Georgescu ,apoi adio ,se aliaza cu Ciolacul ,acelasi sange si culoare politica, una mai mascata decat alta !Asa cred si sper din toata inima sa gresesc si apoi sa faca casa buna cu acest domn !Cat despre ceilalti ,am vazut totul la tv si m -am lamurit !O mancarime pt ciolan si o lupta mai ceva ca in ringul de box, numai ca aici cu cuvinte si nu tocmai politicoase dupa pretentiile lor !🤔",georgesimionoficial,sovereigntist,"Votez cu Călin Georgescu, pentru  locul 1 pentru România cu poporul și pentru popor!🇷🇴",georgescu,unclear,0.9,T4_conspiratie_externalism,conspiratie_suveranista,medium
yt_RyS5VvxNsbg_Ugx-wk_-SvkUfU2XQwF4AaABAg,Citește Apocalipsa Frate Simioane. Cunoști Adevărul ascuns. 😊,georgesimionoficial,sovereigntist,"Românii din diaspora au scris istorie: votul lor, o dovadă de demnitate și speranță",simion,unclear,0.9,T4_conspiratie_externalism,conspiratie_suveranista,medium
yt_Vekhmz5OPCc_Ugx3OG9XYzd-f0viAI14AaABAg,"Păi draga Lia ...când vezi pe cineva jos ,și dau toți în el , din bun simț intervii să oprești agresiunea,fie ea și verbală !",NicusorDanRO,mainstream_actor,🟢 LIVE Declarații de presă susținute la Palatul Parlamentului,nicusor_dan,anti,0.9,T4_conspiratie_externalism,conspiratie_difuza,medium
yt_RyS5VvxNsbg_UgzTh-DnXCAbw6XQek54AaABAg,"Abia după ce l-am votat mi-am dat seama că Simion creează impresia de apropiere de „oamenii simpli”, dar ascunde lipsa de soluții clare sau competență. Nu mă mai las păcălit de vorbe frumoase și proverbe goale. Țara nu se conduce cu zicale, ci cu soluții clare și cu oameni competenți ca noi ceilalți. Votez Nicușor pentru copiii mei!",georgesimionoficial,sovereigntist,"Românii din diaspora au scris istorie: votul lor, o dovadă de demnitate și speranță",nicusor_dan,pro,0.9,T4_conspiratie_externalism,conspiratie_difuza,medium
yt_jxIZUCUPnAw_UgwefpETvC1aVylwPaJ4AaABAg,"Aș dori, să-l întrebați pe domnul Călin Georgescu, ce înseamnă furat, apoi vândut? Este vorba de turul unu și doi din mai 2025. Se pare că mulți au tradus că turul doi l-a vândut Simion.",turcescu111,anti_system,"A fost rupere în audiență, pe asta n-au cum s-o anuleze!",georgescu,unclear,0.9,T4_conspiratie_externalism,conspiratie_suveranista,medium
yt_xSxPpRcYQp0_Ugwr55vJYL5tDjBW8kh4AaABAg,Ai fr indicat ca sa i se ceara lui Nicusor sa aducă in discuție minciunile ce se spun despre dumneavoastră ca sa ii răspundeți personal. Oare nu face aceasta ca le pică propaganda? 😂,georgesimionoficial,sovereigntist,Nimic fără Dumnezeu ! #cg1 #gs1 #impreuna #democratie #prosperitate #unitate #georgesimion #România,nicusor_dan,anti,0.9,T4_conspiratie_externalism,conspiratie_difuza,medium
yt_xSxPpRcYQp0_UgxgSJwUSzxlaGgPst14AaABAg,sunteti sustinut de psd!! daca stiam.. A zis asta domnul CG anul trecut despre AUR!! ce spuneti despre acest lucru?,georgesimionoficial,sovereigntist,Nimic fără Dumnezeu ! #cg1 #gs1 #impreuna #democratie #prosperitate #unitate #georgesimion #România,georgescu,unclear,0.9,T4_conspiratie_externalism,conspiratie_suveranista,medium
yt_Vekhmz5OPCc_Ugx0J_3TKqmVExXnmWJ4AaABAg,"Aloooo Filip .....trebuia să fii pe fază privind dat-ul cu Lia ...poate că-i scoți termenul de ""apărare"" de parc-ar fi in sala de judecată !!!!???",NicusorDanRO,mainstream_actor,🟢 LIVE Declarații de presă susținute la Palatul Parlamentului,nicusor_dan,anti,0.9,T4_conspiratie_externalism,conspiratie_difuza,medium
yt_xSxPpRcYQp0_UgyJFXo3bDeF0lwNKEx4AaABAg,"Nu ne mai pot minți, orice ar zice!!! Doar daca mai posezi o jumate de neuron in cap!!😂 sa crezi într-o ""animație "" ca plicusor!!😂😂😂😂 1:15 doamne ajuta si cu toții la vot !!!! Dublu daca se poate!!!❤",georgesimionoficial,sovereigntist,Nimic fără Dumnezeu ! #cg1 #gs1 #impreuna #democratie #prosperitate #unitate #georgesimion #România,alegeri,unclear,0.9,T4_conspiratie_externalism,conspiratie_difuza,medium
yt_Vekhmz5OPCc_UgwqJB1hDD2KKhG2hVZ4AaABAg,"Acest individ,nu stie decât sa execute ordinele venite de la stapanii lor! Vai de capul lui si al nostru!!",NicusorDanRO,mainstream_actor,🟢 LIVE Declarații de presă susținute la Palatul Parlamentului,nicusor_dan,anti,0.9,T4_conspiratie_externalism,conspiratie_difuza,medium
yt_xnuTV9erzWI_UgyPLnxrqq_I0gZGz4p4AaABAg,"Campania de kompromat inceputa acum ceva timp de tabloidul Libertatea impotriva Guvernului Bolojan, si-a atins apogeul ! Nu au reusit sa se ‘atinga’ de dl. Bolojan intrucat domnia sa si-a prezentat TOATE diplomele, asa ca trustul a trecut la urmatoarea… tinta !!! Oare cine este finantatorul acestei campanii..?! 🙄",NicusorDanRO,mainstream_actor,🟢 LIVE Participare la parada militară organizată la București cu prilejul Zilei Naționale a României,bolojan,pro,0.9,T4_conspiratie_externalism,conspiratie_difuza,medium
yt_5cKS_j2kVIg_UgwS5-fagJm8meqpED54AaABAg,"AUR, AUR, AUR...cum garantati votul corect la urne??? Trump a cistigat prin vot masiv si supraveghere la urne. Va rog explicati care este planul de actiune si nevoile care sunt. From Oregon, USA.",georgesimionoficial,sovereigntist,Țara are nevoie de toți românii!,aur,unclear,0.9,T4_conspiratie_externalism,conspiratie_suveranista,medium
yt_jxIZUCUPnAw_UgySQbe5m7334yMRNV54AaABAg,"Aveti dreptate doar pana la un punct in abordarea problemei SUA. Pot sa inteleg pozitia dumneavoastra, dar ....manipularea tine doar la unii.",turcescu111,anti_system,"A fost rupere în audiență, pe asta n-au cum s-o anuleze!",sua_occident,anti,0.9,T4_conspiratie_externalism,anti_externalism_geopolitic,medium
yt_QUlbNQEw-So_UgzvitwHicAHUVUVPjB4AaABAg,"Iar m-am uitat la ăsta 5 secunde, și iar mi-am stricat seara. Majoritatea de aici pînă la acest moment sunt idolatri plătiți să facă propagandă de opinie unui refuzat de popor.",NicusorDanRO,mainstream_actor,🟢 LIVE Discursul susținut în cadrul recepției de la Palatul Cotroceni cu prilejul Zilei Naționale,nicusor_dan,anti,0.9,T4_conspiratie_externalism,conspiratie_difuza,medium
yt_QUlbNQEw-So_Ugxj-6q_pX4I3FEVMCl4AaABAg,Ai intrat și țu in târla de tradatori !!! Ai mărit TVA pe când ai promis că nu o faci tradatorule,NicusorDanRO,mainstream_actor,🟢 LIVE Discursul susținut în cadrul recepției de la Palatul Cotroceni cu prilejul Zilei Naționale,nicusor_dan,anti,0.9,T4_conspiratie_externalism,conspiratie_difuza,medium
yt_opXUERp44N4_UgyRMEikJl6sUpuMCMp4AaABAg,"De coiful dacic, de colectiv, de dosarul revolutie, de tunul mileniului anrp, de retrocedarea abuziva a parcului ior, de anularea alegerilor, de vanzarea resurselor prin ministerul muncii si nu prin parlament, de multe altele..",CălinGeorgescu-CanalulOficial,sovereigntist,Călin Georgescu - Despăducherea și Revoluția Integrității ( 18.11.2025 - Poliția Buftea ),georgescu,unclear,0.9,T4_conspiratie_externalism,conspiratie_suveranista,medium
yt_Vekhmz5OPCc_UgzQHhz4tDGfsE3UzM14AaABAg,Corect. 2:05 Si razboiul asta dus prin dezinformare trebuie dezactivat.,NicusorDanRO,mainstream_actor,🟢 LIVE Declarații de presă susținute la Palatul Parlamentului,nicusor_dan,pro,0.9,T4_conspiratie_externalism,conspiratie_difuza,medium
yt_jvV4hfEOyQM_UgxY5RkI4FmpaCsyYud4AaABAg,"Votam dar cu durere in suflet ca ni se pare aberant si aiurea ca mergem iar si ca ne-au furat si voturile si presedintele, dar va vom vota negresit",georgesimionoficial,sovereigntist,Am filmat acest material acum o săptămână la Salonic. Mergeți la VOT!,alegeri,unclear,0.9,T4_conspiratie_externalism,conspiratie_difuza,medium
yt_Vekhmz5OPCc_UgyPpuHJrwbRE_rhg254AaABAg,Nu stau sa ascult acest personaj pt mine un nimk .a intrebat cineva despre acel individ care i a spus sa se pregateasca de prezidentiale 😮,NicusorDanRO,mainstream_actor,🟢 LIVE Declarații de presă susținute la Palatul Parlamentului,nicusor_dan,anti,0.9,T4_conspiratie_externalism,conspiratie_difuza,medium
yt_y2972A4bDYg_UgwSFS_HsN-qXJ7ZtLZ4AaABAg,"Robert te rog sa il vorbești cu Doru Paraschiv ca știe foarte multe ""dedesubturi """,turcescu111,anti_system,"TIC-TAC, TIC-TAC, pregătiți-vă: Călin Georgescu va face anunțul!",georgescu,unclear,0.9,T4_conspiratie_externalism,conspiratie_suveranista,medium
yt_Vekhmz5OPCc_UgzK42LvnaYTP-HvvmR4AaABAg,"Avem o problemă ""pe zona de"" apărare națională, Macronel. Dronele sunt trimise de ucrainieni ca să ne bage în războiul ursulei. Să nu-ți treacă prin cap să ne chemi copiii la război!",NicusorDanRO,mainstream_actor,🟢 LIVE Declarații de presă susținute la Palatul Parlamentului,nicusor_dan,anti,0.9,T4_conspiratie_externalism,conspiratie_difuza,medium
yt_FAe_Sqr2vfU_UgybgVw7HSV56P8EElt4AaABAg,"Tabloidul ‘Libertatea’ a demarat de cateva zile o campanie pe fata anti-Bolojan, puteti cere o ancheta sa vedem cine o finanteaza si cu ce interese..?!? Si nu ar strica si niste demisii ale ‘jurnalistilor’ de aici care au incercat un kompromat legat de studiile dl. Bolojan - pe care dumnealui le-a dovedit cu DIPLOME (sic, ciordacu !)",NicusorDanRO,mainstream_actor,🟢 LIVE - 165 de ani de la înființarea Universității Al.I.Cuza și a Univ. de Arte George Enescu,bolojan,pro,0.9,T4_conspiratie_externalism,conspiratie_difuza,medium
yt_YaHv9ygr7Yg_UgwVAVtY6Eaw3Q6IjnZ4AaABAg,Numai Dumnezeu stie cu adevarat care din toti preotii e demn de crucea mare ce o atarna de gat.,NicusorDanRO,mainstream_actor,🟢  Ceremonia de decorare a Sanctităţii Sale Bartolomeu I și a Patriarhiei Române,nicusor_dan,anti,0.9,T4_conspiratie_externalism,conspiratie_difuza,medium
yt_RyS5VvxNsbg_Ugw7AlrErK-CbwK6QZ94AaABAg,"Salutari din Australia, Domnule Presedinte. Am fost si vom merge din nou pe 18 la vot. Votam masiv ca sa nu reuseasca sa fure atâta de mult ca sa ne bata.🙏❤ Romania.",georgesimionoficial,sovereigntist,"Românii din diaspora au scris istorie: votul lor, o dovadă de demnitate și speranță",alegeri,unclear,0.9,T4_conspiratie_externalism,conspiratie_difuza,medium
yt_Vekhmz5OPCc_Ugymn4yYvxxQKJ2h1ZF4AaABAg,Daca ar fii asa usor cum crezi tu elector ... Ar schimba multe el da nu e ceea ce pare,NicusorDanRO,mainstream_actor,🟢 LIVE Declarații de presă susținute la Palatul Parlamentului,nicusor_dan,anti,0.9,T4_conspiratie_externalism,conspiratie_difuza,medium
yt_y2972A4bDYg_UgyfIYX0okj3AG-WZ594AaABAg,Eu as vrea sa îl întrebați ce crede despre faptul ca opoziția a fost întotdeauna o opoziție controlata. Deci întotdeauna opoziția una latră și alta face.,turcescu111,anti_system,"TIC-TAC, TIC-TAC, pregătiți-vă: Călin Georgescu va face anunțul!",georgescu,unclear,0.9,T4_conspiratie_externalism,conspiratie_suveranista,medium
yt_agapp0LH1dI_UgzYZALgqHCn_HwP0Cx4AaABAg,Mama cãtă lume intelectuala e spălată pe creier și pun botul la bufonul ăsta 😂,NicusorDanRO,mainstream_actor,🟢 LIVE Declarații de presă susținute după participarea la reuniunea Consiliului European,nicusor_dan,anti,0.9,T4_conspiratie_externalism,conspiratie_difuza,medium
yt_irvDTasA4Ac_UgzetskcgV0wq8PzP8l4AaABAg,"“Unu, doi, trei. Baba la burdei, Curăță ardei, pentru Moș Andrei.” Sper că cel puțin un BV-an frățior înțelege mesajul. Nicușor. “La mulți ani! Pentru toți de ziua: Sîntului Nicolaie.” “Gădăniță mie dor de tine. Ce fel de educație a copiilor Era în tine.” (N-ți putut să mă păcăliți pe vremea acea, dar nici acum, cu mai multe experiențe și expertize. Scurt: etc.",NicusorDanRO,mainstream_actor,🟢 LIVE Prezentarea Strategiei de Apărare a Țării pentru 2025-2030 în plenul reunit al Parlamentului,nicusor_dan,anti,0.9,T4_conspiratie_externalism,conspiratie_difuza,medium
yt_jxIZUCUPnAw_UgxEV1uJa9QIJUPgYIF4AaABAg,"ROBERT! OARE TU CU TOATĂ INTELIGENTA TA!"" NU TI-AI DAT SEAMA CĂCI CEVA NU ESTE ÎN REGULĂ!? ADICĂ DE CÎND SI PÎNĂ CÎND!? AJUNGE C.GEORGESCU LA REALITATEA TV? OARE A.ALEX.!JOACĂ LA DOUĂ CAPETE!? INTREB SI EU!? P.S.! UNDE-I G.SIMION!? NU ERA ȚINUT ÎN BRAȚE DE A.ALEX.? ȘI ACUM CE SĂ MAI ÎNȚELEAGĂ ROMÂNII!.? FĂRĂ CUV........!? 😮😮😮😮😮😮😮😮😮",turcescu111,anti_system,"A fost rupere în audiență, pe asta n-au cum s-o anuleze!",georgescu,unclear,0.9,T4_conspiratie_externalism,conspiratie_suveranista,medium
yt_y2972A4bDYg_UgzLKHR1pFMOZT0avV94AaABAg,Sfatuiti-l sa spyna tot adevarul la cat de implicat a fost cu sistemul cu ce generali a colaborat de cine a fost tradat sj daca pierderea lui Kenedi a foat cauza insuccesului?????? Adevaryl ! Asa v-a căstiga,turcescu111,anti_system,"TIC-TAC, TIC-TAC, pregătiți-vă: Călin Georgescu va face anunțul!",georgescu,unclear,0.9,T4_conspiratie_externalism,conspiratie_suveranista,medium
yt_etdRvQYxw-o_UgyWeUnoCw6l0zwbw3V4AaABAg,"Totuși nu știm cine i în spatele tău 😂 La poponarii usr iști, știm dar la tine încă nu",georgesimionoficial,sovereigntist,Așa a fost astăzi la Tânjaua Hotenarilor în Maramureș!,simion,unclear,0.9,T4_conspiratie_externalism,conspiratie_suveranista,medium
yt_y2972A4bDYg_Ugz-OuvALLzYPWJt1m94AaABAg,"Robert. De ce s-ar deconspira, dacă are de gând , mai devreme decât ar fi necesar? Nu uita ce a făcut cu Ghiță!",turcescu111,anti_system,"TIC-TAC, TIC-TAC, pregătiți-vă: Călin Georgescu va face anunțul!",georgescu,unclear,0.9,T4_conspiratie_externalism,conspiratie_suveranista,medium
yt_73ssQIApvyM_UgxBXIGLtl6ie8-pO6p4AaABAg,"Doamne Fereste ma si ma apara. Bai, du te, du te de unde te au scos aia din mUE.",NicusorDanRO,mainstream_actor,🟢 LIVE  Participare la Conferința privind Cooperarea în Domeniul Apărării dintre Germania și România,nicusor_dan,anti,0.9,T4_conspiratie_externalism,conspiratie_difuza,medium
yt_jxIZUCUPnAw_Ugwzh1OwH0iAS_vITHh4AaABAg,"Pai daca el a promis ucrainenilor, cum zici tu Robert, ?el executa ce i se ordona de cei care i.au pus",turcescu111,anti_system,"A fost rupere în audiență, pe asta n-au cum s-o anuleze!",other_state_institution,anti,0.9,T4_conspiratie_externalism,conspiratie_difuza,medium
yt_idoJioeeSSw_UgyjPdJNjoeIsgLwMaB4AaABAg,"Sa ne si rugam la Dumnezeu cu totii astăzi, drag popor roman , trebuie multa rugăciune ca sa distrugem lupta cu duhurile cele necurate , ca diavolii cei vicleni vor sa fac iar smecherii, furturi de voturi etc. Noi suntem un popor crestin si ducem lupte nevăzute, tocmai de aceea este nevoie de rugaciune. Dumnezeu sa fie cu noi cu toti , amin!",georgesimionoficial,sovereigntist,"Votez cu Călin Georgescu, pentru  locul 1 pentru România cu poporul și pentru popor!🇷🇴",alegeri,unclear,0.9,T4_conspiratie_externalism,conspiratie_difuza,medium
yt_idoJioeeSSw_UgyVLRbPuPqfL7wmTqt4AaABAg,"Sa speram. In potlogi Dâmbovița, nu avem internet, in srctiile de votare in supermarcheturi, in case... etc Tv nu merge. Cym verifica daca nu au internet votantii? Sigur se fraudeaza votul",georgesimionoficial,sovereigntist,"Votez cu Călin Georgescu, pentru  locul 1 pentru România cu poporul și pentru popor!🇷🇴",alegeri,unclear,0.9,T4_conspiratie_externalism,conspiratie_difuza,medium
yt_Dfh1F1kTTmo_UgxOotJuZuYmREgl-fN4AaABAg,"Când ai curajul să desecretizezi baaa băiatule, ședința csat?",NicusorDanRO,mainstream_actor,🟢 LIVE Participare la Summitul pentru guvernanță digitală 2025,nicusor_dan,anti,0.9,T4_conspiratie_externalism,conspiratie_difuza,medium
yt_yEuctxNb4O0_UgzADiTfmiLN--29oCJ4AaABAg,"Vedeți domn președinte că printre cei prezenți sunt și câțiva ,,infiltrați"", de obicei ei sunt mai vocali 😊",NicusorDanRO,mainstream_actor,🟢 LIVE - Întâlnire la Palatul Cotroceni cu magistrați și alți actori din sistemul judiciar,nicusor_dan,anti,0.9,T4_conspiratie_externalism,conspiratie_difuza,medium
yt_HVX355umuMI_UgxpaAeg-g1E6_cOX4B4AaABAg,Va rog sa IESITI LA VOT !! Republica Moldova/ Maia Sandu au activat pe moldoveni . Se voteaza in Republica Moldova in masa ca au cetatenie romana si vor sa intoarca votul nostru . Maia Sandu este pro Iohanis( Nicusor Ban) . Votez C.G. /...👍,georgesimionoficial,sovereigntist,"Romania are un președinte, numele lui este CALIN GEORGESCU",nicusor_dan,anti,0.9,T4_conspiratie_externalism,conspiratie_difuza,medium
yt_97qXZe3_J_k_UgxemGkdyPfAAX_GX1Z4AaABAg,"GĂNDIȚE-VĂ CĂ POATE ZELINSKI. LA SPONSORIZAT , FAPT PENTRU CARE A VENIT IN RO. SĂ-ȘI IA TAINUL (PETROLUL ) .",turcescu111,anti_system,Georgescu le-a dat la operație! ,georgescu,unclear,0.9,T4_conspiratie_externalism,conspiratie_suveranista,medium
yt_HVX355umuMI_Ugzc1ehHYsN1q4VnuCh4AaABAg,"Tu te-ai tâmpit, ăla a furat alegerile o recunoaștere și SUA, că tot îi pupi dosul lui Trump",georgesimionoficial,sovereigntist,"Romania are un președinte, numele lui este CALIN GEORGESCU",sua_occident,anti,0.9,T4_conspiratie_externalism,anti_externalism_geopolitic,medium
yt_HVX355umuMI_Ugz9Fx7UY1MVGkemZc14AaABAg,"Atentie la "" iuda"". Tradarea vine din interior.....INTODEAUNA.",georgesimionoficial,sovereigntist,"Romania are un președinte, numele lui este CALIN GEORGESCU",georgescu,unclear,0.9,T4_conspiratie_externalism,conspiratie_suveranista,medium
yt_yEuctxNb4O0_UgyE-p9FbCj_EI03GbV4AaABAg,"Dar întrebati l pe Nicușor unde sunt cele 12 milioane de euro din Campanie și cine au fost donatorii lui !? Și întrebați l de ce s au anulat alegerile discreționar !? A ți uitat "" judecătorilor"" și ""procurorilor"" ..sau a ți venit doar să i da ți pe unii gît să scăpați voi ?!?",NicusorDanRO,mainstream_actor,🟢 LIVE - Întâlnire la Palatul Cotroceni cu magistrați și alți actori din sistemul judiciar,nicusor_dan,anti,0.9,T4_conspiratie_externalism,conspiratie_difuza,medium
yt_a2NSq8TduHw_UgwB8_s771sNNZIgf0Z4AaABAg,"*ȘTIINȚA,HMmmmm, NU VEDEȚI CĂ INTELIGENTA ARTIFICIALĂ A PRELUAT REȚELELE DE SOCIALIZARE APROAPE ÎN TOTALITATE....*",digi24hd56,mainstream,În fața ta cu Gabriel Liiceanu: Să vorbească despre imoralitate criminalul nr. 1 este halucinant,other_state_institution,anti,0.9,T4_conspiratie_externalism,conspiratie_difuza,medium
yt_dESUmtdVSzo_UgxyNbG-Na9lAyGS0Dp4AaABAg,"Asumarea ""baricadei anti-război"",este cea mai sănătoasă atitudine,pt.că din negurile istoriei omenirii,primul care dă cu piatra este blamat de comunitate,indiferent cine a fost el,iar liderii au fost MEREU aleși dintre cei ce au avut tăria de a nu fi atrași în tentația de a arunca piatra.Astfel că Trump a dovedit că nu este decât,un fake-lider,o marionetă sau un actor căruia i s-a terminat rolul și acum a luat-o pe arătură,de la 1 ianuarie 2026.",turcescu111,anti_system,"Războiul pustiește, dolarul crește, economia slăbește",sua_occident,anti,0.9,T4_conspiratie_externalism,anti_externalism_geopolitic,medium
yt_8XaNWSfaLxE_UgywA2m5bKvcO0k3qzN4AaABAg,"Putin,il stapaneste cumva pe Trump,cred ca are lagatura cu primul mandat al americanului!",g4media479,investigativ,Rușinea Americii,sua_occident,anti,0.9,T4_conspiratie_externalism,anti_externalism_geopolitic,medium
